<?xml version="1.0" encoding="UTF-8"?>
<tns:loginConfiguration xmlns:tns="http://www.worklight.com/auth/config" xmlns:xsi="http://www.w3.org/2001/XMLSchema-instance">

		<!-- Licensed Materials - Property of IBM
			 5725-I43 (C) Copyright IBM Corp. 2006, 2013. All Rights Reserved.
			 US Government Users Restricted Rights - Use, duplication or
             disclosure restricted by GSA ADP Schedule Contract with IBM Corp. -->	
             
	 <staticResources>
		<resource id="subscribeServlet" securityTest="SubscribeServlet">
			<urlPatterns>/subscribeSMS*;/receiveSMS*;/ussd*</urlPatterns>
		</resource>
	</staticResources> 

	 <securityTests>
       	<customSecurityTest name="SubscribeServlet">
       		<test realm="SubscribeServlet" isInternalUserID="true"/>
       	</customSecurityTest>    		
		<customSecurityTest name="CloudantAuthenticationAdapter-securityTest">
			<test isInternalUserID="true" realm="cloudant" />
		</customSecurityTest>
	</securityTests> 
	
	<realms>
		<realm name="cloudant" loginModule="AuthLoginModule">
			<className>com.worklight.integration.auth.AdapterAuthenticator</className>
			<parameter name="login-function" value="CloudantAuthenticationAdapter.onAuthRequired" />
			<parameter name="logout-function" value="CloudantAuthenticationAdapter.onLogout" />
		</realm>
		
		<realm name="SubscribeServlet" loginModule="rejectAll">
			<className>com.worklight.core.auth.ext.HeaderAuthenticator</className>			
		</realm>
		
	</realms>

	<loginModules>
		<loginModule name="AuthLoginModule">
			<className>com.worklight.core.auth.ext.NonValidatingLoginModule</className>
		</loginModule>
		
		<loginModule name="requireLogin" expirationInSeconds="-1">
			<className>com.worklight.core.auth.ext.SingleIdentityLoginModule</className>
		</loginModule>
		
		<loginModule name="rejectAll">
			<className>com.worklight.core.auth.ext.RejectingLoginModule</className>
		</loginModule>
	</loginModules>

</tns:loginConfiguration>
