<?xml version="1.0" encoding="UTF-8" standalone="no"?>
<!--
    Licensed Materials - Property of IBM
    5725-I43 (C) Copyright IBM Corp. 2011, 2013. All Rights Reserved.
    US Government Users Restricted Rights - Use, duplication or
    disclosure restricted by GSA ADP Schedule Contract with IBM Corp.
--><nativeAndroidApp xmlns="http://www.worklight.com/native-android-descriptor" id="AndroidBlueList" platformVersion="7.0.0.0" version="1.0">
	
	<displayName>AndroidBlueList</displayName>
	<description>AndroidBlueList</description>
	<publicSigningKey/>
	<packageName/>
	<accessTokenExpiration>3600</accessTokenExpiration>
        <userIdentityRealms>cloudant</userIdentityRealms>
		
</nativeAndroidApp>
