<?xml version="1.0" encoding="UTF-8" standalone="no"?>
<!--
    Licensed Materials - Property of IBM
    5725-I43 (C) Copyright IBM Corp. 2011, 2013. All Rights Reserved.
    US Government Users Restricted Rights - Use, duplication or
    disclosure restricted by GSA ADP Schedule Contract with IBM Corp.
--><nativeIOSApp xmlns="http://www.worklight.com/native-ios-descriptor" bundleId="com.iOSBlueList" id="iOSBlueList" platformVersion="7.0.0.00.20150312-0731" version="1.0">
	
	<displayName>iOSBlueList</displayName>
	<description>iOSBlueList</description>
	<accessTokenExpiration>3600</accessTokenExpiration>
	<userIdentityRealms>cloudant</userIdentityRealms>
	
</nativeIOSApp>
